{
  "rules": {
    "users": {
      "$uid": {
        ".read": "auth != null && auth.uid == $uid",
        ".write": "auth != null && auth.uid == $uid"
      }
    },
    "pseudos": {
      ".read": true,
      "$pseudo": {
        ".write": "auth != null && (!data.exists() || data.val() == auth.uid)"
      }
    },
    "counters": {
      ".read": true,
      ".write": true
    },
    "chatMessages": {
      ".read": true,
      ".write": true
    },
    "chatUsers": {
      ".read": true,
      ".write": true
    },
    "chatTyping": {
      ".read": true,
      ".write": true
    },
    "reviews": {
      ".read": true,
      ".write": true
    },
    "contacts": {
      "$uid": {
        ".read": "auth != null && auth.uid == $uid",
        ".write": "auth != null && auth.uid == $uid"
      }
    },
    "friendRequests": {
      "$uid": {
        ".read": "auth != null && auth.uid == $uid",
        ".write": "auth != null"
      }
    },
    "userConversations": {
      "$uid": {
        ".read": "auth != null && auth.uid == $uid",
        ".write": "auth != null"
      }
    },
    "dmMessages": {
      "$convId": {
        ".read": "auth != null",
        ".write": "auth != null"
      }
    },
    "groups": {
      "$groupId": {
        ".read": "auth != null",
        ".write": "auth != null"
      }
    },
    "groupMessages": {
      "$groupId": {
        ".read": "auth != null",
        ".write": "auth != null"
      }
    },
    "quizScores": {
      ".read": true,
      ".write": true
    },
    "polls": {
      ".read": true,
      ".write": true
    },
    "dailyVotes": {
      ".read": true,
      ".write": true
    },
    "debates": {
      ".read": true,
      ".write": true
    },
    "debateArguments": {
      ".read": true,
      ".write": true
    },
    "purchases": {
      "$uid": {
        ".read": "auth != null && auth.uid == $uid",
        ".write": "auth != null && auth.uid == $uid"
      }
    },
    "sales": {
      ".read": true,
      ".write": true
    },
    "downloads": {
      ".read": true,
      ".write": true
    }
  }
}
